<?xml version="1.0" encoding="UTF-8" ?>
<!DOCTYPE configuration PUBLIC "-//mybatis.org//DTD Config 3.0//EN"
"http://mybatis.org/dtd/mybatis-3-config.dtd">
<configuration>
    <environments default="development">
        <environment id="development">
            <transactionManager type="JDBC" />
            <dataSource type="POOLED">
                <property name="driver" value="com.mysql.jdbc.Driver" />
                <property name="url" value="jdbc:mysql://127.0.0.1:3306/reportdb?characterEncoding=utf8" />
                <property name="username" value="root" />
                <property name="password" value="mysql986" />
            </dataSource>
        </environment>
    </environments>
    <mappers>
        <mapper resource="com/wuseguang/report/db/mapper/DepartmentMapper.xml"/>
        <mapper resource="com/wuseguang/report/db/mapper/UserBaseMapper.xml"/>
        <mapper resource="com/wuseguang/report/db/mapper/CustomerMapper.xml"/>
        <mapper resource="com/wuseguang/report/db/mapper/CustomerContactMapper.xml"/>
        <mapper resource="com/wuseguang/report/db/mapper/PersonMapper.xml"/>
    </mappers>
</configuration>